Food_Item,Calories (kcal),Protein (g),Carbohydrates (g),Fat (g),Fiber (g),Sugars (g),Sodium (mg),Cholesterol (mg),Water_Intake (ml)
Acai Bowl (1 serving),0.5147059,0.11111111,0.85714287,0.3,0.71428573,0.5,0.025316456,0.0,0.5
Aioli (Garlic 1 tbsp),0.13970588,0.0022222223,0.007142857,0.26250002,0.0,0.0016666668,0.044303797,0.011111111,0.0
Aji Amarillo Paste (1 tsp),0.007352941,0.0022222223,0.014285714,0.0,0.035714287,0.008333334,0.03164557,0.0,0.0
Alfajores (1 cookie),0.2647059,0.044444446,0.31428573,0.25,0.071428575,0.25,0.037974685,0.044444446,0.0
Almond Milk (Unsweetened 1 cup),0.04411765,0.022222223,0.014285714,0.0625,0.071428575,0.0,0.101265825,0.0,0.48000002
Almonds (1 oz),0.24117647,0.13333334,0.08571429,0.35,0.25,0.016666668,0.0006329114,0.0,0.0
Amaretti Cookie (2 cookies),0.13235295,0.044444446,0.17142858,0.1,0.071428575,0.16666667,0.006329114,0.0,0.0
Angel Hair Pasta (1 cup),0.29411766,0.15555556,0.6,0.025,0.14285715,0.016666668,0.0006329114,0.0,0.0
Angostura Bitters (dash),0.007352941,0.0,0.0,0.0,0.0,0.0,0.0,0.0,0.0
Ants on a Log (4 pcs),0.2647059,0.13333334,0.17142858,0.3,0.21428573,0.116666675,0.07594937,0.0,0.5
Aperol Spritz (1 drink),0.2647059,0.0,0.2857143,0.0,0.0,0.33333334,0.006329114,0.0,0.3
Apple,0.13970588,0.011111111,0.35714287,0.0075000003,0.31428573,0.3166667,0.0012658228,0.0,0.0
Apple Cider (1 cup),0.17205882,0.0022222223,0.41428572,0.0075000003,0.035714287,0.45000002,0.006329114,0.0,0.48000002
Apple Pie (1 slice),0.6029412,0.06666667,0.82857144,0.475,0.21428573,0.4166667,0.20253165,0.0,0.0
Arancini (1 large ball),0.36764705,0.2,0.42857143,0.25,0.21428573,0.050000004,0.3164557,0.06666667,0.0
Artichoke (1 medium steamed),0.0882353,0.093333334,0.19142857,0.0050000004,0.49285716,0.020000001,0.070886075,0.0,0.0
Arugula (2 cups),0.014705882,0.022222223,0.011428571,0.0050000004,0.02857143,0.0066666673,0.0037974683,0.0,0.0
Asparagus (1 cup steamed),0.05882353,0.09555556,0.10571429,0.010000001,0.25714287,0.058333337,0.0025316456,0.0,0.0
Asparagus (6 spears roasted),0.05882353,0.08888889,0.057142857,0.05,0.21428573,0.033333335,0.094936706,0.0,0.0
Avocado (1/2 fruit),0.23529412,0.044444446,0.12142857,0.3675,0.47857144,0.011666667,0.0044303797,0.0,0.0
Avocado Toast (1 slice),0.38235295,0.15555556,0.4,0.375,0.71428573,0.016666668,0.221519,0.0,1.0
BBQ Sauce (2 tbsp),0.0882353,0.011111111,0.21428572,0.0,0.035714287,0.20000002,0.221519,0.0,0.0
Baba Ganoush (1/4 cup),0.14705883,0.044444446,0.114285715,0.175,0.2857143,0.033333335,0.18987341,0.0,0.0
Bacon (2 slices cooked),0.1264706,0.13333334,0.0028571428,0.17,0.0,0.0016666668,0.20886075,0.04,0.0
Bagel (plain),0.39705884,0.24444444,0.78571427,0.0375,0.14285715,0.083333336,0.2721519,0.0,0.5
Baguette (slice),0.10294118,0.055555556,0.2,0.0125,0.042857148,0.008333334,0.094936706,0.0,0.0
Baked Potato (medium),0.23529412,0.09555556,0.51428574,0.0050000004,0.27142859,0.016666668,0.010759493,0.0,0.0
Baklava (1 piece),0.4117647,0.06666667,0.42857143,0.45000002,0.14285715,0.33333334,0.050632913,0.022222223,0.0
Balsamic Glaze (1 tbsp),0.05882353,0.0,0.12857144,0.0,0.0,0.13333334,0.006329114,0.0,0.0
Balsamic Glaze (1 tsp),0.019117648,0.0,0.042857144,0.0,0.0,0.045,0.0018987341,0.0,0.0
Balsamic Vinaigrette (2 tbsp),0.13235295,0.0,0.042857144,0.22500001,0.0,0.041666668,0.18987341,0.0,0.0
Banana,0.15441176,0.028888889,0.3857143,0.010000001,0.22142857,0.23333335,0.0006329114,0.0,0.0
Basil (2 tbsp fresh),0.0014705883,0.0022222223,0.0014285714,0.0,0.0071428576,0.0,0.0,0.0,0.0
Basil (fresh garnish),0.0014705883,0.0022222223,0.0,0.0,0.0071428576,0.0,0.0,0.0,0.0
Bean Sprouts (1/4 cup garnish),0.011764706,0.017777778,0.021428572,0.0025000002,0.02857143,0.016666668,0.0006329114,0.0,0.0
Beef Burrito (large),0.9558824,0.6666667,1.0,0.7,0.71428573,0.083333336,0.886076,0.15555556,1.0
Beef Jerky (1 oz),0.17058824,0.20888889,0.044285715,0.17999999,0.035714287,0.041666668,0.37341774,0.06666667,0.0
Beef Pho (1 large bowl),0.66176474,0.6666667,0.78571427,0.3,0.2857143,0.083333336,0.9493671,0.13333334,1.0
Beef Steak (6oz sirloin),0.39705884,0.93333334,0.0,0.25,0.0,0.0,0.056962024,0.25555557,0.5
Beef Stroganoff (1.5 cups),0.8088235,0.6666667,0.5714286,0.7,0.2857143,0.10000001,0.56962025,0.22222222,0.0
Beef Tacos (2 hard shell),0.5588235,0.4,0.4,0.55,0.35714287,0.050000004,0.37974682,0.11111111,1.0
Beef Wellington (1 slice),0.88235295,0.6666667,0.5,0.95,0.2857143,0.06666667,0.5379747,0.22222222,0.0
Beer (12 oz light),0.15147059,0.02,0.08285715,0.0,0.0,0.0050000004,0.006329114,0.0,0.71000004
Beets (1/2 cup roasted),0.04411765,0.017777778,0.09714286,0.0025000002,0.1,0.09666667,0.03164557,0.0,0.0
Bell Pepper (1 medium red),0.045588236,0.02666667,0.08571429,0.0075000003,0.15,0.07,0.0025316456,0.0,0.0
Bell Peppers & Onions (sautéed),0.0882353,0.033333335,0.14285715,0.05,0.21428573,0.10000001,0.018987343,0.0,0.0
Berry Coulis (1 tbsp),0.029411765,0.0,0.071428575,0.0,0.035714287,0.075,0.0,0.0,0.0
Biryani (Chicken 1.5 cups),0.7647059,0.62222224,0.85714287,0.45000002,0.35714287,0.10000001,0.56962025,0.16666667,0.0
Biscotti (1 cookie),0.16176471,0.044444446,0.25714287,0.1,0.071428575,0.15,0.03164557,0.033333335,0.0
Biscuits and Gravy (1 serving),0.7058824,0.22222222,0.64285713,0.7,0.14285715,0.050000004,0.6962025,0.07777778,0.5
Bison Burger (1 patty),0.22058824,0.4888889,0.0,0.175,0.0,0.0,0.04113924,0.15555556,0.5
Black Beans (1/2 cup),0.16764706,0.1688889,0.29142857,0.0125,0.5357143,0.0050000004,0.0006329114,0.0,0.0
Black Pepper (1 tsp),0.00882353,0.0044444446,0.021428572,0.0025000002,0.042857148,0.0,0.0,0.0,0.0
Black Pepper (1/2 tsp),0.004411765,0.0022222223,0.01,0.0,0.021428574,0.0,0.0,0.0,0.0
Black Pepper (1/4 tsp),0.0014705883,0.0,0.0028571428,0.0,0.0071428576,0.0,0.0,0.0,0.0
Blackberries (1 cup),0.09117647,0.044444446,0.19714285,0.0175,0.54285717,0.08166667,0.0006329114,0.0,0.0
Blue Cheese (1 oz),0.14705883,0.13333334,0.01,0.2,0.0,0.0016666668,0.20569621,0.046666667,0.0
Blue Cheese Dressing (2 tbsp),0.22058824,0.022222223,0.028571429,0.4,0.0,0.016666668,0.20253165,0.022222223,0.0
Blueberries (1/2 cup),0.061764706,0.011111111,0.15714286,0.0050000004,0.12857144,0.116666675,0.0006329114,0.0,0.0
Bobotie (1 serving),0.66176474,0.5555556,0.42857143,0.625,0.35714287,0.25,0.443038,0.33333334,0.0
Bok Choy (1 cup steamed),0.014705882,0.033333335,0.028571429,0.0025000002,0.071428575,0.016666668,0.025316456,0.0,0.0
Bread Roll (hoagie),0.29411766,0.13333334,0.54285717,0.05,0.14285715,0.050000004,0.25316456,0.0,0.0
Breadcrumbs (coating),0.036764707,0.011111111,0.057142857,0.0125,0.035714287,0.008333334,0.03164557,0.0,0.0
Breadstick (1 large),0.23529412,0.08888889,0.4,0.075,0.071428575,0.033333335,0.221519,0.0,0.0
Brie Cheese (1 oz),0.13970588,0.13333334,0.0014285714,0.1975,0.0,0.0016666668,0.112658225,0.062222224,0.0
Brown Rice (1 cup cooked),0.31617647,0.11111111,0.64285713,0.044999998,0.25,0.0066666673,0.006329114,0.0,0.0
Bruschetta (2 pcs),0.2647059,0.08888889,0.35714287,0.175,0.21428573,0.06666667,0.221519,0.0,0.0
Bubble Tea (16 oz milk tea),0.47058824,0.044444446,1.0,0.1,0.071428575,1.0,0.06329114,0.022222223,0.94600004
Bulgur (1 tbsp shell),0.022058824,0.011111111,0.04857143,0.0,0.05714286,0.0,0.0006329114,0.0,0.0
Bulgur (1/4 cup in tabouli),0.11176471,0.060000002,0.24,0.0050000004,0.29285714,0.0016666668,0.0025316456,0.0,0.0
Bun (hamburger),0.20588236,0.08888889,0.37142858,0.05,0.071428575,0.06666667,0.16455697,0.0,0.0
Burger (cheeseburger),0.8088235,0.6666667,0.5714286,0.75,0.21428573,0.116666675,0.6962025,0.2,1.0
Butter (1 tbsp),0.14705883,0.0022222223,0.0,0.275,0.0,0.0,0.051898733,0.06666667,0.0
Cabbage Slaw (side),0.0882353,0.022222223,0.114285715,0.075,0.14285715,0.083333336,0.07594937,0.011111111,0.0
Cacio e Pepe (1.5 cups),0.7352941,0.4,0.92857146,0.475,0.2857143,0.050000004,0.443038,0.11111111,0.0
Caesar Salad (with chicken),0.6911765,0.6666667,0.21428572,0.75,0.21428573,0.050000004,0.56329113,0.16666667,0.5
Calamari (fried 3oz),0.22058824,0.2888889,0.114285715,0.175,0.071428575,0.016666668,0.37974682,0.4888889,0.0
Campari & Soda (1 drink),0.125,0.0,0.14285715,0.0,0.0,0.16666667,0.015822785,0.0,0.3
Campari (1 oz),0.11764706,0.0,0.14285715,0.0,0.0,0.16666667,0.003164557,0.0,0.0
Canadian Bacon (2 slices),0.11764706,0.26666668,0.014285714,0.075,0.0,0.016666668,0.41139242,0.08888889,0.0
Candied Fruit (1 tbsp),0.04411765,0.0,0.114285715,0.0,0.035714287,0.13333334,0.003164557,0.0,0.0
Cannellini Beans (1/2 cup in soup),0.15441176,0.15555556,0.2857143,0.0125,0.42857146,0.016666668,0.14556962,0.0,0.0
Cannoli (1 medium),0.3529412,0.11111111,0.35714287,0.32500002,0.071428575,0.3,0.06329114,0.06666667,0.0
Capers (1 tbsp),0.0029411765,0.0044444446,0.0057142857,0.0025000002,0.021428574,0.0016666668,0.12658228,0.0,0.0
Capers (garnish),0.0029411765,0.0044444446,0.0057142857,0.0025000002,0.021428574,0.0016666668,0.12658228,0.0,0.0
Caponata (1/2 cup),0.2647059,0.044444446,0.21428572,0.35,0.35714287,0.15,0.25316456,0.0,0.0
Caprese Salad,0.3529412,0.22222222,0.114285715,0.45000002,0.14285715,0.083333336,0.221519,0.08888889,0.5
Caramel Sauce (1 tbsp),0.0882353,0.0,0.18571429,0.025,0.0,0.20000002,0.018987343,0.011111111,0.0
Carbonara (1.5 cups),0.9558824,0.5555556,0.85714287,0.875,0.2857143,0.06666667,0.56962025,0.5555556,0.0
Cardamom (in coffee),0.0014705883,0.0,0.0028571428,0.0,0.0071428576,0.0,0.0,0.0,0.0
Carrot (1/4 minced in sauce),0.014705882,0.0044444446,0.034285717,0.0025000002,0.05,0.020000001,0.010759493,0.0,0.0
Carrot Sticks (1 cup),0.07647059,0.02666667,0.17571428,0.0075000003,0.25714287,0.10000001,0.055696204,0.0,0.0
Cashews (1 oz roasted),0.23970589,0.09555556,0.13142857,0.32750002,0.06428572,0.023333333,0.088607594,0.0,0.0
Celery (1 stalk),0.00882353,0.0066666673,0.017142858,0.0025000002,0.042857148,0.008333334,0.020253165,0.0,0.0
Celery (1/4 stalk minced),0.0029411765,0.0022222223,0.0057142857,0.0,0.014285715,0.0033333336,0.0075949365,0.0,0.0
Celery Sticks (1 cup),0.020588236,0.013333335,0.042857144,0.0050000004,0.1,0.020000001,0.048734177,0.0,0.0
Century Egg (1 egg),0.14705883,0.15555556,0.014285714,0.175,0.0,0.008333334,0.18987341,0.44444445,0.0
Cereal (Frosted Flakes 1 cup),0.19117647,0.044444446,0.44285715,0.0,0.071428575,0.18333334,0.12025317,0.0,0.0
Cereal Bar (Fruit),0.20588236,0.044444446,0.42857143,0.075,0.071428575,0.25,0.06962025,0.0,0.5
Ceviche (1 cup fish),0.2647059,0.5555556,0.21428572,0.05,0.21428573,0.06666667,0.443038,0.1,0.0
Chai Latte (12 oz),0.27941176,0.15555556,0.45714286,0.1,0.071428575,0.5,0.0664557,0.033333335,0.71000004
Cheddar Cheese (1 oz),0.16911764,0.15555556,0.014285714,0.2375,0.0,0.008333334,0.11392405,0.06666667,0.0
Cheese Danish,0.5,0.15555556,0.54285717,0.45000002,0.14285715,0.26666668,0.18987341,0.12222222,0.5
Cheese Whiz (2 tbsp),0.13235295,0.08888889,0.042857144,0.175,0.0,0.033333335,0.34177217,0.044444446,0.0
Cheesecake (1 slice),0.47058824,0.11111111,0.4,0.52500004,0.071428575,0.33333334,0.17721519,0.14444445,0.5
Cheesy Grits (1 cup),0.30882353,0.13333334,0.4857143,0.15,0.14285715,0.016666668,0.34810126,0.044444446,0.0
Cherries (1 cup),0.113235295,0.035555556,0.27142859,0.0125,0.17857143,0.25,0.0,0.0,0.0
Chicken & Rice Soup (1 can),0.19117647,0.15555556,0.25714287,0.075,0.14285715,0.033333335,0.5379747,0.033333335,0.5
Chicken Alfredo (1.5 cups),1.0,0.7777778,0.64285713,0.95,0.2857143,0.083333336,0.62025315,0.26666668,0.5
Chicken Breast (4oz roasted),0.2720588,0.7777778,0.0,0.1,0.0,0.0,0.050632913,0.21111111,1.0
Chicken Kebab (2 skewers),0.4117647,0.6666667,0.114285715,0.35,0.21428573,0.06666667,0.3164557,0.18888889,0.5
Chicken Liver (2 oz cooked),0.13382353,0.30222225,0.008571429,0.089999996,0.0,0.0,0.03164557,0.7111111,0.0
Chicken McNuggets (6 pcs),0.39705884,0.33333334,0.22857143,0.4,0.071428575,0.0,0.3164557,0.08888889,0.0
Chicken Milanesa (1 serving),0.66176474,0.7777778,0.42857143,0.55,0.21428573,0.033333335,0.443038,0.22222222,0.0
Chicken Noodle Soup (1 can),0.22058824,0.15555556,0.25714287,0.125,0.14285715,0.033333335,0.56329113,0.033333335,0.5
Chicken Parm Sandwich,0.9558824,0.8888889,0.78571427,0.75,0.42857146,0.15,0.886076,0.22222222,1.0
Chicken Piccata (1 serving),0.5147059,0.6666667,0.14285715,0.5,0.071428575,0.033333335,0.37974682,0.2,0.5
Chicken Salad Sandwich,0.61764705,0.44444445,0.5,0.5,0.21428573,0.083333336,0.5379747,0.13333334,0.5
Chicken Thigh (1 roasted),0.30882353,0.53333336,0.0,0.32500002,0.0,0.0,0.056962024,0.26666668,0.0
Chicken Tikka Masala (1.5 cups),0.7058824,0.6666667,0.2857143,0.75,0.35714287,0.13333334,0.56962025,0.21111111,0.5
Chicken Wrap (with tortilla),0.6029412,0.5555556,0.54285717,0.425,0.35714287,0.050000004,0.49367088,0.13333334,0.5
Chickpeas (1/2 cup canned),0.19852942,0.15555556,0.31428573,0.05,0.42857146,0.050000004,0.15822785,0.0,0.0
Chili Powder (1 tsp),0.011764706,0.0066666673,0.02,0.010000001,0.06428572,0.0033333336,0.006329114,0.0,0.0
Chimichurri (1 tbsp),0.066176474,0.0022222223,0.007142857,0.112500004,0.014285715,0.0016666668,0.06329114,0.0,0.0
Chocolate (Hershey's bar 1 segment),0.036764707,0.0066666673,0.042857144,0.0375,0.014285715,0.046666667,0.0025316456,0.0022222223,0.0
Chocolate Chip Cookie (1 large),0.32352942,0.055555556,0.42857143,0.275,0.107142866,0.3166667,0.101265825,0.044444446,0.0
Chocolate Croissant,0.5147059,0.13333334,0.5714286,0.475,0.21428573,0.25,0.18987341,0.08888889,0.5
Chocolate Donut (1 medium),0.44117647,0.08888889,0.5,0.425,0.14285715,0.3,0.14556962,0.044444446,0.0
Chocolate Milk (1 cup),0.29411766,0.17777778,0.37142858,0.2,0.071428575,0.40000004,0.101265825,0.06666667,0.0
Chocolate Pudding (1/2 cup),0.22058824,0.044444446,0.4,0.1,0.14285715,0.36666667,0.08227848,0.0044444446,0.0
Chocolate Sauce (1 tbsp dipping),0.073529415,0.011111111,0.14285715,0.0375,0.071428575,0.13333334,0.003164557,0.0,0.0
Choripan (1 sandwich),0.8088235,0.44444445,0.5714286,0.875,0.21428573,0.06666667,0.6962025,0.17777778,0.5
Chorizo (1 oz in paella),0.19117647,0.13333334,0.014285714,0.275,0.0,0.008333334,0.221519,0.06666667,0.0
Churros (2 sticks),0.3529412,0.06666667,0.42857143,0.3,0.107142866,0.16666667,0.12658228,0.044444446,0.0
Chutney (Mango 1 tbsp),0.066176474,0.0022222223,0.15714286,0.0025000002,0.035714287,0.16666667,0.11392405,0.0,0.0
Cilantro (2 tbsp garnish),0.0014705883,0.0022222223,0.0,0.0,0.0071428576,0.0,0.0,0.0,0.0
Cinnamon Sugar (1 tsp),0.029411765,0.0,0.071428575,0.0,0.0,0.083333336,0.0,0.0,0.0
Clam Chowder (1 cup),0.29411766,0.22222222,0.25714287,0.22500001,0.071428575,0.033333335,0.5506329,0.06666667,0.0
Club Sandwich,0.8529412,0.7777778,0.5714286,0.75,0.35714287,0.116666675,0.82278484,0.21111111,1.0
Club Soda (2 oz),0.0,0.0,0.0,0.0,0.0,0.0,0.012658228,0.0,0.0
Coarse Salt (garnish),0.0,0.0,0.0,0.0,0.0,0.0,0.12658228,0.0,0.0
Cobb Salad,0.75,0.6666667,0.17142858,0.95,0.5,0.10000001,0.5063291,0.46666667,1.0
Cocktail Sauce (2 tbsp),0.04411765,0.011111111,0.1,0.0,0.035714287,0.083333336,0.28481013,0.0,0.0
Coconut (shredded 1/4 cup),0.16176471,0.022222223,0.06428572,0.26250002,0.14285715,0.025000002,0.0018987341,0.0,0.0
Coconut (shredded garnish),0.014705882,0.0022222223,0.007142857,0.025,0.014285715,0.0016666668,0.0,0.0,0.0
Coconut Flakes (1 tbsp topping),0.05147059,0.0066666673,0.021428572,0.0825,0.05,0.008333334,0.0006329114,0.0,0.0
Coconut Milk (1/4 cup canned),0.16323529,0.024444446,0.041428573,0.29000002,0.035714287,0.025000002,0.005063291,0.0,0.0
Coconut Shrimp (5 pcs),0.47058824,0.22222222,0.35714287,0.5,0.21428573,0.13333334,0.37974682,0.17777778,0.0
Coconut Water (1 cup),0.06764706,0.03777778,0.12714285,0.0125,0.18571429,0.10500001,0.15949367,0.0,0.48000002
Cod (4oz baked),0.13970588,0.44444445,0.0,0.020000001,0.0,0.0,0.060126584,0.12222222,0.5
Coffee (black),0.007352941,0.0066666673,0.0,0.0025000002,0.0,0.0,0.003164557,0.0,0.0
Coffee (with cream/sugar),0.073529415,0.011111111,0.071428575,0.075,0.0,0.075,0.006329114,0.022222223,0.5
Coffee Beans (3 garnish),0.0029411765,0.0022222223,0.0042857146,0.0,0.0071428576,0.0,0.0,0.0,0.0
Coffee Liqueur (1 oz),0.14705883,0.0,0.21428572,0.0,0.0,0.25,0.0012658228,0.0,0.0
Collard Greens (1 cup cooked),0.0882353,0.11111111,0.14285715,0.025,0.5,0.016666668,0.025316456,0.0,0.0
Collard Greens (with ham hock),0.2647059,0.22222222,0.21428572,0.22500001,0.5714286,0.050000004,0.37974682,0.06666667,0.0
Congee (1 cup plain),0.19117647,0.055555556,0.4,0.025,0.071428575,0.008333334,0.18987341,0.0,0.0
Coriander (1 tsp),0.007352941,0.0022222223,0.014285714,0.0050000004,0.035714287,0.0,0.0006329114,0.0,0.0
Corn (1 cup),0.19411765,0.104444444,0.42857143,0.044999998,0.25714287,0.14833334,0.0012658228,0.0,0.0
Corn Flakes (1 cup),0.14705883,0.044444446,0.34285715,0.0,0.071428575,0.050000004,0.12658228,0.0,0.0
Corn Nuts (1 oz),0.19117647,0.044444446,0.32857144,0.1,0.14285715,0.0,0.11392405,0.0,0.0
Corn Tortilla (1 medium),0.07647059,0.031111112,0.16,0.0175,0.107142866,0.0033333336,0.0025316456,0.0,0.0
Corn on the Cob (1 large),0.18382353,0.11111111,0.41428572,0.0375,0.21428573,0.083333336,0.0012658228,0.0,0.0
Cottage Cheese (1 cup low fat),0.23529412,0.62222224,0.08571429,0.0625,0.0,0.06666667,0.51898736,0.022222223,0.5
Cottage Cheese (1/2 cup),0.13235295,0.26666668,0.071428575,0.075,0.0,0.06666667,0.25316456,0.022222223,0.0
Crab Cakes (2 medium),0.5,0.44444445,0.25714287,0.5,0.071428575,0.033333335,0.443038,0.26666668,0.5
Crackers (5 whole wheat),0.13235295,0.044444446,0.2,0.075,0.14285715,0.0,0.11392405,0.0,0.0
Cranberry Juice (1 cup),0.19117647,0.0,0.47142857,0.0,0.0,0.5,0.006329114,0.0,0.48000002
Cream Cheese (2 tbsp),0.14705883,0.044444446,0.028571429,0.25,0.0,0.016666668,0.056962024,0.06666667,0.0
Creamed Spinach (1/2 cup),0.27941176,0.11111111,0.114285715,0.4,0.21428573,0.033333335,0.28481013,0.11111111,0.0
Crepe (1 plain),0.13235295,0.07777778,0.2,0.05,0.035714287,0.050000004,0.06329114,0.055555556,0.0
Croutons (1/4 cup),0.073529415,0.033333335,0.1,0.05,0.035714287,0.008333334,0.088607594,0.0,0.0
Croutons (Garlic 1/4 cup),0.073529415,0.033333335,0.1,0.05,0.035714287,0.008333334,0.088607594,0.0,0.0
Crushed Tomatoes (1/2 cup sauce),0.029411765,0.022222223,0.057142857,0.0,0.107142866,0.050000004,0.12658228,0.0,0.0
Cucumber (1/4 cup side),0.011764706,0.0066666673,0.025714286,0.0,0.014285715,0.013333335,0.0006329114,0.0,0.0
Cucumber Salad (1/2 cup),0.05882353,0.022222223,0.071428575,0.05,0.071428575,0.06666667,0.12658228,0.0,0.0
Cucumber Slices (1 cup),0.023529412,0.015555556,0.05142857,0.0025000002,0.035714287,0.028333336,0.0012658228,0.0,0.0
Cumin (1 tsp),0.011764706,0.0066666673,0.021428572,0.0125,0.02857143,0.0016666668,0.0018987341,0.0,0.0
Cupcake (Vanilla 1 medium),0.3529412,0.044444446,0.5,0.275,0.071428575,0.4166667,0.12658228,0.06666667,0.0
Custard (1/4 cup),0.11764706,0.06666667,0.14285715,0.075,0.0,0.13333334,0.025316456,0.08888889,0.0
Danish (Cheese 1 medium),0.5,0.15555556,0.54285717,0.45000002,0.14285715,0.26666668,0.18987341,0.12222222,0.5
Dark Chocolate (1 oz 70%),0.25,0.048888892,0.18571429,0.3,0.21428573,0.116666675,0.003164557,0.0,0.0
Dates (2 medium Medjool),0.19558825,0.017777778,0.51428574,0.0025000002,0.22857144,0.53333336,0.0006329114,0.0,0.0
Diet Soda (1 can),0.0,0.0,0.0,0.0,0.0,0.0,0.025316456,0.0,0.71000004
Dim Sum (Siu Mai 3 pcs),0.2647059,0.26666668,0.14285715,0.25,0.14285715,0.016666668,0.34810126,0.13333334,0.0
Duck (3oz roasted),0.41911766,0.35555556,0.0,0.6,0.0,0.0,0.04113924,0.16,0.0
Dulce de Leche (1 tbsp filling),0.09558824,0.022222223,0.17142858,0.0375,0.0,0.16666667,0.018987343,0.011111111,0.0
Edamame (in pod 1 cup),0.1764706,0.24444444,0.12857144,0.125,0.35714287,0.033333335,0.0056962026,0.0,0.5
Egg Drop Soup (1 cup),0.09558824,0.11111111,0.08571429,0.05,0.035714287,0.016666668,0.49367088,0.11111111,0.0
Egg Noodles (1 cup cooked),0.32352942,0.17777778,0.5714286,0.075,0.14285715,0.033333335,0.012658228,0.11111111,0.0
Egg White (in drink),0.025,0.08,0.0028571428,0.0,0.0,0.0033333336,0.034810126,0.0,0.0
Egg Yolk (1 large in sauce),0.080882356,0.060000002,0.008571429,0.112500004,0.0,0.0050000004,0.005063291,0.4088889,0.0
Eggo Waffle (2 waffles),0.2647059,0.08888889,0.42857143,0.125,0.071428575,0.06666667,0.25316456,0.0,0.0
Eggplant (1/2 cup in caponata),0.05882353,0.011111111,0.08571429,0.05,0.14285715,0.050000004,0.094936706,0.0,0.0
Eggs Benedict (1 serving),0.88235295,0.5555556,0.42857143,1.0,0.21428573,0.06666667,0.6962025,1.0,0.5
Empanada (Beef 1 medium),0.4264706,0.22222222,0.4,0.4,0.21428573,0.050000004,0.34810126,0.06666667,0.0
English Muffin (whole wheat),0.19705883,0.13333334,0.37142858,0.025,0.31428573,0.016666668,0.1329114,0.0,0.5
Espresso (1 oz in drink),0.004411765,0.0066666673,0.0,0.0025000002,0.0,0.0,0.0006329114,0.0,0.0
Espresso (double shot),0.007352941,0.011111111,0.0,0.0025000002,0.0,0.0,0.0006329114,0.0,0.120000005
Espresso (for dipping),0.0029411765,0.0044444446,0.0,0.0,0.0,0.0,0.0006329114,0.0,0.060000002
Espresso Martini (1 drink),0.4117647,0.011111111,0.35714287,0.0,0.0,0.4166667,0.003164557,0.0,0.24000001
Falafel (3 pieces),0.2647059,0.13333334,0.25714287,0.22500001,0.2857143,0.016666668,0.20253165,0.0,0.0
Fattoush Salad (1.5 cups),0.36764705,0.11111111,0.35714287,0.375,0.42857146,0.083333336,0.3164557,0.0,0.0
Feta Cheese (1 oz),0.11029412,0.08888889,0.017142858,0.1525,0.0,0.011666667,0.2,0.055555556,0.0
Figs (2 medium),0.10882353,0.013333335,0.27428573,0.0075000003,0.20714287,0.27000004,0.0012658228,0.0,0.0
Fiorentina Steak (3oz portion),0.3382353,0.53333336,0.0,0.375,0.0,0.0,0.037974685,0.16666667,0.0
Fish Sauce (1 tsp),0.007352941,0.008888889,0.007142857,0.0,0.0,0.0066666673,0.28481013,0.0,0.0
Fish Tacos (2 tacos),0.61764705,0.5555556,0.5714286,0.45000002,0.42857146,0.083333336,0.443038,0.13333334,1.0
Flan (1 slice),0.32352942,0.13333334,0.5,0.175,0.0,0.55,0.050632913,0.2,0.0
Focaccia (1 square),0.36764705,0.17777778,0.5714286,0.175,0.14285715,0.033333335,0.3164557,0.0,0.0
French Bread (2 slices),0.2647059,0.13333334,0.51428574,0.025,0.14285715,0.033333335,0.24050634,0.0,0.0
French Fries (as side),0.29411766,0.044444446,0.35714287,0.25,0.14285715,0.0033333336,0.08227848,0.0,0.0
French Fries (medium),0.5,0.08888889,0.62857145,0.425,0.2857143,0.0050000004,0.14556962,0.0,0.0
French Fries (side),0.5,0.08888889,0.62857145,0.425,0.2857143,0.0050000004,0.14556962,0.0,0.0
French Onion Soup (1 cup),0.22058824,0.13333334,0.21428572,0.175,0.14285715,0.083333336,0.5063291,0.044444446,0.5
Fresh Mozzarella (1 oz),0.105882354,0.11111111,0.011428571,0.125,0.0,0.0050000004,0.08734177,0.048888892,0.0
Fried Okra (1 cup),0.32352942,0.08888889,0.35714287,0.3,0.35714287,0.050000004,0.28481013,0.022222223,0.0
Fried Pita (1/2 pita in salad),0.11764706,0.044444446,0.17142858,0.075,0.071428575,0.008333334,0.094936706,0.0,0.0
Frosting (Vanilla 2 tbsp),0.20588236,0.0,0.31428573,0.15,0.0,0.36666667,0.04113924,0.0,0.0
Fruit Cocktail (canned 1 cup),0.16176471,0.022222223,0.4,0.0,0.14285715,0.43333337,0.006329114,0.0,0.0
Garlic (1 clove in beans),0.005882353,0.0044444446,0.012857143,0.0,0.0071428576,0.0,0.0006329114,0.0,0.0
Garlic (1 clove),0.005882353,0.0044444446,0.012857143,0.0,0.0071428576,0.0,0.0006329114,0.0,0.0
Garlic (1/2 clove in pesto),0.0029411765,0.0022222223,0.007142857,0.0,0.0,0.0,0.0,0.0,0.0
Garlic Bread (1 slice),0.22058824,0.08888889,0.25714287,0.175,0.071428575,0.016666668,0.19620253,0.0,0.0
Garlic Sauce (1 tbsp),0.13235295,0.0022222223,0.014285714,0.25,0.0,0.008333334,0.050632913,0.011111111,0.0
Garlic Sauce (Toum 1 tbsp),0.13235295,0.0022222223,0.014285714,0.25,0.0,0.008333334,0.050632913,0.011111111,0.0
Gazpacho (1 cup),0.13235295,0.044444446,0.17142858,0.1,0.21428573,0.116666675,0.37974682,0.0,0.48000002
Gelato (Pistachio 1/2 cup),0.32352942,0.11111111,0.34285715,0.3,0.14285715,0.33333334,0.037974685,0.08888889,0.0
Gin & Tonic (1 drink),0.25,0.0,0.18571429,0.0,0.0,0.21666668,0.0012658228,0.0,0.36
Gin (1 oz),0.10294118,0.0,0.0,0.0,0.0,0.0,0.0,0.0,0.0
Ginger Ale (1 can),0.18235295,0.0,0.45714286,0.0,0.0,0.5166667,0.025316456,0.0,0.71000004
Gnocchi (1 cup),0.30882353,0.1,0.64285713,0.0375,0.21428573,0.033333335,0.30379748,0.0,0.0
Gnocchi alla Sorrentina (1.5 cups),0.66176474,0.33333334,0.85714287,0.45000002,0.42857146,0.15,0.5063291,0.08888889,0.0
Goat Cheese (1 oz),0.15147059,0.13555555,0.0014285714,0.2125,0.0,0.0016666668,0.092405066,0.048888892,0.0
Gochugaru (1 tsp),0.014705882,0.0066666673,0.025714286,0.0075000003,0.035714287,0.0050000004,0.0006329114,0.0,0.0
Gochujang (1 tbsp),0.04411765,0.011111111,0.08571429,0.0,0.035714287,0.06666667,0.12658228,0.0,0.0
Gorgonzola Cheese (1 oz),0.14705883,0.13333334,0.01,0.2,0.0,0.0016666668,0.20569621,0.046666667,0.0
Graham Cracker (1 large rectangle),0.0882353,0.022222223,0.15714286,0.0375,0.035714287,0.06666667,0.044303797,0.0,0.0
Granola (1/4 cup topping),0.1764706,0.06666667,0.21428572,0.15,0.21428573,0.116666675,0.012658228,0.0,0.0
Grapefruit (1/2 medium),0.07647059,0.024444446,0.18857142,0.0050000004,0.14285715,0.14166668,0.0,0.0,0.0
Grapes (1 cup),0.15294118,0.024444446,0.3857143,0.0050000004,0.1,0.38333336,0.0018987341,0.0,0.0
Greek Yogurt (plain 1 cup),0.22058824,0.5555556,0.114285715,0.075,0.0,0.116666675,0.05379747,0.022222223,0.5
Green Beans (1 cup),0.045588236,0.04,0.1,0.0050000004,0.19285716,0.055000003,0.0037974683,0.0,0.0
Green Beans (1/2 cup w/ pasta),0.022058824,0.02,0.05,0.0025000002,0.092857145,0.02666667,0.0018987341,0.0,0.0
Green Curry Paste (1 tbsp),0.04411765,0.011111111,0.028571429,0.0625,0.071428575,0.016666668,0.25316456,0.0,0.0
Green Onion (1 tbsp garnish),0.004411765,0.0044444446,0.01,0.0,0.014285715,0.0033333336,0.0,0.0,0.0
Green Peas (1/2 cup),0.09117647,0.09111111,0.15857144,0.0050000004,0.31428573,0.07,0.0012658228,0.0,0.0
Gremolata (1 tbsp),0.022058824,0.011111111,0.014285714,0.025,0.035714287,0.008333334,0.003164557,0.0,0.0
Grilled Cheese Sandwich,0.5735294,0.33333334,0.45714286,0.55,0.21428573,0.06666667,0.5063291,0.13333334,0.0
Grilled Chicken Salad,0.5147059,0.6666667,0.14285715,0.5,0.35714287,0.06666667,0.25316456,0.17777778,1.0
Grits (1 cup cooked),0.22058824,0.06666667,0.45714286,0.025,0.14285715,0.008333334,0.20253165,0.0,0.0
Ground Beef (2 oz in sauce),0.20588236,0.24444444,0.0,0.25,0.0,0.0,0.025316456,0.07777778,0.0
Ground Lamb (1 oz filling),0.11764706,0.12222222,0.0,0.15,0.0,0.0,0.012658228,0.044444446,0.0
Guacamole (1/4 cup),0.13235295,0.022222223,0.057142857,0.2,0.21428573,0.008333334,0.07594937,0.0,0.0
Guanciale (1 oz),0.25,0.06666667,0.0,0.45000002,0.0,0.0,0.28481013,0.07777778,0.0
Guava,0.1,0.057777777,0.20428571,0.022499999,0.38571432,0.14833334,0.0018987341,0.0,0.0
Gummy Bears (10 pcs),0.14705883,0.044444446,0.31428573,0.0,0.0,0.25,0.006329114,0.0,0.0
Gyro (1 sandwich),0.88235295,0.5555556,0.78571427,0.75,0.35714287,0.10000001,0.75949365,0.17777778,0.5
Halibut (4oz baked),0.18382353,0.53333336,0.0,0.0625,0.0,0.0,0.037974685,0.08888889,0.5
Ham & Cheese Croissant,0.5882353,0.33333334,0.5,0.55,0.14285715,0.10000001,0.47468355,0.13333334,0.5
Ham (3oz deli sliced),0.16176471,0.35555556,0.028571429,0.1,0.0,0.025000002,0.60126585,0.1,0.0
Hard-Boiled Egg (1 large),0.11470588,0.14,0.008571429,0.13250001,0.0,0.008333334,0.039240506,0.41555557,0.0
Hash Browns (1 cup),0.48529413,0.06666667,0.54285717,0.475,0.21428573,0.016666668,0.34810126,0.0,0.0
Hoisin Sauce (1 tbsp),0.05147059,0.0066666673,0.114285715,0.0050000004,0.0071428576,0.083333336,0.1392405,0.0,0.0
Hollandaise Sauce (1 tbsp),0.080882356,0.011111111,0.0028571428,0.15,0.0,0.0016666668,0.047468353,0.055555556,0.0
Hollandaise Sauce (2 tbsp),0.16176471,0.022222223,0.007142857,0.3,0.0,0.0033333336,0.094936706,0.11111111,0.0
Honey (1 tbsp),0.09411765,0.0022222223,0.24714285,0.0,0.0,0.2866667,0.0006329114,0.0,0.0
Honey (1 tsp drizzle),0.030882353,0.0,0.08285715,0.0,0.0,0.09666667,0.0,0.0,0.0
Horchata (1 cup),0.20588236,0.044444446,0.35714287,0.075,0.071428575,0.36666667,0.018987343,0.011111111,0.48000002
Hot Chocolate (1 cup),0.29411766,0.06666667,0.42857143,0.2,0.14285715,0.4166667,0.101265825,0.022222223,0.48000002
Hot Sauce (1 tsp Tabasco),0.0,0.0,0.0,0.0,0.0,0.0,0.022151899,0.0,0.0
Hummus (1/4 cup),0.19117647,0.11111111,0.14285715,0.2,0.2857143,0.016666668,0.15822785,0.0,0.0
Hummus (2 tbsp),0.10294118,0.044444446,0.057142857,0.125,0.14285715,0.0,0.08227848,0.0,0.0
Hummus Wrap (large),0.66176474,0.33333334,0.85714287,0.45000002,0.8571429,0.083333336,0.5063291,0.0,1.0
Ice Cream (1/2 cup vanilla),0.2132353,0.055555556,0.24285714,0.1875,0.035714287,0.26666668,0.034810126,0.06666667,0.0
Iced Tea (Sweetened 16oz),0.2647059,0.0,0.6571429,0.0,0.0,0.7666667,0.009493671,0.0,1.0
Italian Dressing (2 tbsp),0.10294118,0.0,0.042857144,0.175,0.0,0.033333335,0.18987341,0.0,0.0
Italian Sausage (1 link),0.29411766,0.26666668,0.042857144,0.4,0.0,0.016666668,0.34810126,0.11111111,0.0
Jalapeno (1 tbsp sliced),0.005882353,0.0022222223,0.011428571,0.0025000002,0.02857143,0.008333334,0.0006329114,0.0,0.0
Jasmine Rice (1 cup cooked),0.3014706,0.09555556,0.64285713,0.010000001,0.042857148,0.0,0.0012658228,0.0,0.0
Jelly (1 tbsp grape),0.073529415,0.0,0.18571429,0.0,0.0071428576,0.20000002,0.003164557,0.0,0.0
Jicama (1 cup sticks),0.06764706,0.02,0.15142858,0.0025000002,0.41428575,0.035,0.003164557,0.0,0.0
Kale (1 cup in soup),0.048529413,0.064444445,0.08571429,0.015000001,0.14285715,0.016666668,0.01835443,0.0,0.0
Kefir (Plain 1 cup),0.15294118,0.22222222,0.14285715,0.0625,0.0,0.15,0.06329114,0.022222223,0.48000002
Ketchup (1 packet),0.014705882,0.0022222223,0.035714287,0.0,0.0071428576,0.033333335,0.056962024,0.0,0.0
Ketchup (1 tbsp),0.029411765,0.0044444446,0.071428575,0.0025000002,0.014285715,0.06666667,0.101265825,0.0,0.0
Kibbeh (1 piece fried),0.3382353,0.2,0.2857143,0.32500002,0.21428573,0.016666668,0.28481013,0.06666667,0.0
Kimchi (1/2 cup),0.032352943,0.03777778,0.057142857,0.010000001,0.17142859,0.025000002,0.47468355,0.0,0.0
Kimchi Jjigae (1 bowl),0.5147059,0.33333334,0.2857143,0.55,0.35714287,0.10000001,0.75949365,0.06666667,1.0
Kiwifruit (1 medium),0.06764706,0.02,0.15857144,0.010000001,0.16428572,0.11166667,0.0012658228,0.0,0.0
Kombucha (1 cup),0.04411765,0.0,0.1,0.0,0.0,0.10000001,0.006329114,0.0,0.48000002
Kombucha (16 oz),0.0882353,0.0,0.2,0.0,0.0,0.20000002,0.012658228,0.0,0.94600004
Labneh (2 tbsp),0.0882353,0.08888889,0.028571429,0.1,0.0,0.033333335,0.050632913,0.033333335,0.0
Lasagna (1 serving meat),0.5147059,0.44444445,0.42857143,0.425,0.2857143,0.116666675,0.5379747,0.12222222,0.5
Lassi (Mango 1 cup),0.2647059,0.11111111,0.42857143,0.1,0.071428575,0.4666667,0.037974685,0.033333335,0.48000002
Lemon Bar (1 square),0.22058824,0.033333335,0.31428573,0.15,0.035714287,0.25,0.050632913,0.06666667,0.0
Lemon Juice (1 tbsp dressing),0.005882353,0.0022222223,0.018571427,0.0,0.0071428576,0.0033333336,0.0,0.0,0.0
Lemon Juice (1 tsp in soup),0.0014705883,0.0,0.0057142857,0.0,0.0,0.0016666668,0.0,0.0,0.0
Lemon Slice (garnish),0.0014705883,0.0,0.0042857146,0.0,0.0071428576,0.0016666668,0.0,0.0,0.0
Lemon Wedge (for calamari),0.004411765,0.0022222223,0.014285714,0.0,0.021428574,0.0033333336,0.0,0.0,0.0
Lemonade (1 cup),0.14558823,0.0022222223,0.37142858,0.0,0.0071428576,0.4166667,0.018987343,0.0,0.48000002
Lentil Soup (1 can),0.3382353,0.33333334,0.5,0.075,0.8571429,0.10000001,0.41139242,0.0,0.5
Lentil Soup (1 cup Middle Eastern),0.29411766,0.22222222,0.42857143,0.125,0.71428573,0.06666667,0.443038,0.0,0.5
Lettuce (Romaine 2 cups),0.023529412,0.022222223,0.042857144,0.0075000003,0.14285715,0.016666668,0.006329114,0.0,0.0
Lime (juice of 1),0.016176471,0.0044444446,0.052857146,0.0,0.02857143,0.011666667,0.0006329114,0.0,0.0
Lime Juice (1 tbsp),0.005882353,0.0022222223,0.018571427,0.0,0.0071428576,0.0033333336,0.0,0.0,0.0
Lime Wedge (garnish),0.004411765,0.0022222223,0.014285714,0.0,0.021428574,0.0033333336,0.0,0.0,0.0
Limoncello (1.5 oz shot),0.22058824,0.0,0.25714287,0.0,0.0,0.3,0.0,0.0,0.0
Lobster (3oz steamed),0.11176471,0.35555556,0.0,0.0175,0.0,0.0,0.15822785,0.2777778,0.5
Lobster Bisque (1 cup),0.36764705,0.17777778,0.17142858,0.45000002,0.071428575,0.050000004,0.5379747,0.11111111,0.5
Lomo Saltado (1.5 cups),0.7352941,0.7777778,0.64285713,0.55,0.35714287,0.10000001,0.6962025,0.2,0.0
Macadamia Nuts (1 oz),0.3,0.048888892,0.055714287,0.5375,0.17142859,0.021666666,0.0006329114,0.0,0.0
Macaroni & Cheese (1 cup),0.5147059,0.22222222,0.5714286,0.425,0.14285715,0.083333336,0.47468355,0.08888889,0.5
Macaroni Salad (1 cup),0.5588235,0.17777778,0.42857143,0.625,0.21428573,0.10000001,0.47468355,0.044444446,0.0
Mackerel (3oz cooked),0.25735295,0.35555556,0.0,0.3,0.0,0.0,0.047468353,0.14444445,0.0
Malva Pudding (1 slice),0.5588235,0.11111111,0.85714287,0.35,0.14285715,0.6666667,0.221519,0.13333334,0.0
Manakeesh (Za'atar 1 small),0.44117647,0.15555556,0.64285713,0.25,0.2857143,0.033333335,0.3164557,0.0,0.0
Mandarin Orange (1 medium),0.054411765,0.013333335,0.13285714,0.0050000004,0.092857145,0.12166668,0.0006329114,0.0,0.0
Mango (1 cup slices),0.14558823,0.031111112,0.35285714,0.015000001,0.18571429,0.37500003,0.0012658228,0.0,0.0
Manicotti (2 shells cheese),0.5588235,0.44444445,0.5,0.45000002,0.2857143,0.116666675,0.41139242,0.13333334,0.0
Maple Syrup (1 tbsp),0.07647059,0.0,0.19285715,0.0,0.0,0.20000002,0.0006329114,0.0,0.0
Maple Syrup (2 tbsp),0.15294118,0.0,0.3857143,0.0,0.0,0.40000004,0.0012658228,0.0,0.0
Marshmallow (1 large),0.03382353,0.0022222223,0.08285715,0.0,0.0,0.06666667,0.003164557,0.0,0.0
Mashed Cauliflower (1 cup),0.20588236,0.11111111,0.17142858,0.2,0.35714287,0.06666667,0.25316456,0.055555556,0.0
Mashed Potatoes (1 cup),0.3382353,0.08888889,0.5,0.2,0.21428573,0.033333335,0.221519,0.033333335,0.0
Mashed Potatoes (side),0.22058824,0.06666667,0.35714287,0.1,0.14285715,0.033333335,0.18987341,0.022222223,0.0
Matcha Latte (12 oz),0.2647059,0.13333334,0.4,0.125,0.14285715,0.4166667,0.056962024,0.044444446,0.71000004
Mate (1 cup),0.007352941,0.0044444446,0.014285714,0.0,0.0,0.0,0.0012658228,0.0,0.48000002
Mayonnaise (1 tbsp for dipping),0.13235295,0.0022222223,0.0014285714,0.25,0.0,0.0016666668,0.044303797,0.011111111,0.0
Mayonnaise (1 tbsp),0.13235295,0.0022222223,0.0014285714,0.25,0.0,0.0016666668,0.044303797,0.011111111,0.0
Meatball Sub (6 inch),0.8529412,0.62222224,0.78571427,0.675,0.42857146,0.16666667,0.75949365,0.15555556,1.0
Media Luna (1 pastry),0.27941176,0.08888889,0.35714287,0.2,0.071428575,0.15,0.094936706,0.055555556,0.0
Melted Butter (for lobster),0.29411766,0.0044444446,0.0,0.55,0.0,0.0,0.103797466,0.13333334,0.0
Mignonette Sauce (1 tbsp),0.007352941,0.0,0.014285714,0.0,0.0,0.008333334,0.018987343,0.0,0.0
Mint (1 tbsp in tabouli),0.0014705883,0.0022222223,0.0014285714,0.0,0.0071428576,0.0,0.0,0.0,0.0
Mint Chutney (1 tbsp),0.007352941,0.0044444446,0.007142857,0.0,0.021428574,0.0033333336,0.094936706,0.0,0.0
Mint Tea (1 cup),0.0029411765,0.0022222223,0.007142857,0.0,0.0,0.0,0.003164557,0.0,0.48000002
Mixed Nuts (1/4 cup),0.29411766,0.13333334,0.114285715,0.45000002,0.21428573,0.033333335,0.0006329114,0.0,0.0
Mocha Latte (16oz),0.5294118,0.26666668,0.6857143,0.375,0.14285715,0.70000005,0.094936706,0.1,0.94600004
Mozzarella (1 oz melted),0.11764706,0.13333334,0.014285714,0.15,0.0,0.008333334,0.094936706,0.044444446,0.0
Mozzarella (1 slice),0.11764706,0.13333334,0.014285714,0.15,0.0,0.008333334,0.094936706,0.044444446,0.0
Mozzarella (filling 0.5 oz),0.05882353,0.06666667,0.007142857,0.075,0.0,0.0033333336,0.047468353,0.022222223,0.0
Muffin (Blueberry 1 large),0.5588235,0.11111111,0.78571427,0.4,0.14285715,0.5,0.221519,0.11111111,0.5
Mushroom (White 1 cup sliced),0.022058824,0.048888892,0.032857142,0.0050000004,0.05,0.023333333,0.0025316456,0.0,0.0
Mussels (3oz steamed),0.21470588,0.44444445,0.08571429,0.1,0.0,0.0,0.19620253,0.10666667,0.0
Naan Bread (1 piece),0.38235295,0.17777778,0.64285713,0.125,0.14285715,0.050000004,0.28481013,0.022222223,0.0
Negroni (1 drink),0.27941176,0.0,0.21428572,0.0,0.0,0.25,0.003164557,0.0,0.18
Nutella (1 tbsp),0.14705883,0.033333335,0.15714286,0.15,0.071428575,0.16666667,0.006329114,0.0,0.0
Nutritional Yeast (1 tbsp),0.029411765,0.06666667,0.028571429,0.0,0.071428575,0.0,0.006329114,0.0,0.0
Oat Milk (1 cup),0.1764706,0.06666667,0.22857143,0.125,0.14285715,0.116666675,0.06329114,0.0,0.0
Oatmeal (1 cup cooked),0.23529412,0.13333334,0.4,0.075,0.2857143,0.016666668,0.0012658228,0.0,0.5
Olive (garnish),0.007352941,0.0,0.0014285714,0.0125,0.0071428576,0.0,0.018987343,0.0,0.0
Olive Oil (1 tbsp dressing),0.1764706,0.0,0.0,0.35,0.0,0.0,0.0,0.0,0.0
Olive Oil (1 tbsp drizzle),0.1764706,0.0,0.0,0.35,0.0,0.0,0.0,0.0,0.0
Olive Oil (1 tbsp on bread),0.1764706,0.0,0.0,0.35,0.0,0.0,0.0,0.0,0.0
Olive Oil (1 tbsp),0.1764706,0.0,0.0,0.35,0.0,0.0,0.0,0.0,0.0
Olive Oil (1 tsp garnish),0.05882353,0.0,0.0,0.112500004,0.0,0.0,0.0,0.0,0.0
Olives (5 side),0.05147059,0.0044444446,0.014285714,0.0875,0.035714287,0.0,0.1329114,0.0,0.0
Olives (Kalamata 5 large),0.05147059,0.0044444446,0.014285714,0.0875,0.035714287,0.0,0.1329114,0.0,0.0
Onion (1/2 cup raw chopped),0.047058824,0.02,0.10714286,0.0025000002,0.1,0.06333333,0.0018987341,0.0,0.0
Onion (1/8 minced in sauce),0.007352941,0.0022222223,0.017142858,0.0,0.014285715,0.010000001,0.0006329114,0.0,0.0
Onion Rings (6 rings),0.4117647,0.08888889,0.42857143,0.4,0.21428573,0.06666667,0.3164557,0.0,0.0
Onions (sautéed 1/4 cup),0.04411765,0.011111111,0.071428575,0.025,0.071428575,0.050000004,0.003164557,0.0,0.0
Orange,0.09117647,0.02666667,0.22,0.0050000004,0.22142857,0.20000002,0.0,0.0,0.0
Orange Juice (1 cup),0.16470589,0.03777778,0.36857143,0.0125,0.05,0.34666666,0.0012658228,0.0,0.48000002
Orange Peel (garnish),0.0014705883,0.0,0.0028571428,0.0,0.0071428576,0.0,0.0,0.0,0.0
Orange Sauce (1/4 cup for duck),0.13235295,0.011111111,0.31428573,0.0,0.035714287,0.33333334,0.12658228,0.0,0.0
Orange Slice (garnish),0.007352941,0.0022222223,0.014285714,0.0,0.014285715,0.013333335,0.0,0.0,0.0
Oregano (1 tsp),0.004411765,0.0022222223,0.01,0.0,0.014285715,0.0,0.0,0.0,0.0
Osso Buco (1 serving),0.8088235,1.0,0.21428572,0.75,0.2857143,0.10000001,0.56962025,0.33333334,0.0
Oyster (1 medium raw),0.011764706,0.022222223,0.007142857,0.0050000004,0.0,0.0,0.03164557,0.022222223,0.0
Pad Thai (Chicken 1.5 cups),0.8088235,0.5555556,0.85714287,0.55,0.35714287,0.16666667,0.60126585,0.15555556,1.0
Paella (1.5 cups seafood),0.8088235,0.6666667,1.0,0.45000002,0.42857146,0.083333336,0.75949365,0.24444444,0.0
Pancakes (2 medium),0.2647059,0.11111111,0.42857143,0.125,0.071428575,0.10000001,0.28481013,0.055555556,0.0
Pancetta (0.5 oz in sauce),0.066176474,0.033333335,0.0,0.112500004,0.0,0.0,0.101265825,0.022222223,0.0
Panettone (1 slice),0.47058824,0.13333334,0.71428573,0.3,0.21428573,0.4166667,0.12658228,0.15555556,0.0
Pani Puri (6 pcs),0.29411766,0.08888889,0.5,0.125,0.21428573,0.033333335,0.25316456,0.0,0.0
Panna Cotta (1 serving),0.44117647,0.08888889,0.35714287,0.5,0.0,0.36666667,0.03164557,0.15555556,0.0
Papaya (1 cup cubes),0.09117647,0.013333335,0.2242857,0.010000001,0.17857143,0.18333334,0.0075949365,0.0,0.0
Parmigiano-Reggiano (1 tbsp),0.032352943,0.044444446,0.0028571428,0.0375,0.0,0.0,0.060126584,0.008888889,0.0
Parsley (1/4 cup in tabouli),0.007352941,0.0066666673,0.014285714,0.0025000002,0.035714287,0.0016666668,0.003164557,0.0,0.0
Passion Fruit (1 fruit),0.025,0.008888889,0.06,0.0025000002,0.13571429,0.033333335,0.003164557,0.0,0.0
Pasta Salad (1 cup),0.4117647,0.17777778,0.42857143,0.35,0.2857143,0.083333336,0.28481013,0.022222223,0.0
Pate (Mushroom 2 tbsp),0.10294118,0.022222223,0.028571429,0.175,0.071428575,0.016666668,0.06329114,0.0,0.0
Peanut Butter & Jelly Sandwich,0.5735294,0.26666668,0.71428573,0.425,0.35714287,0.33333334,0.28481013,0.0,0.5
Peanut Butter (2 tbsp),0.27941176,0.15555556,0.114285715,0.4,0.14285715,0.050000004,0.088607594,0.0,0.0
Peanut Sauce (2 tbsp),0.11764706,0.044444446,0.057142857,0.15,0.071428575,0.050000004,0.15822785,0.0,0.0
Pear,0.14852941,0.013333335,0.3857143,0.0050000004,0.39285716,0.26666668,0.0012658228,0.0,0.0
Pecans (1 oz),0.2882353,0.057777777,0.055714287,0.51,0.19285716,0.018333334,0.0,0.0,0.0
Pecorino Cheese (1 tbsp),0.036764707,0.033333335,0.0014285714,0.05,0.0,0.0,0.06962025,0.013333334,0.0
Pecorino Romano (1/4 cup),0.16176471,0.16666667,0.014285714,0.2125,0.0,0.0,0.28481013,0.055555556,0.0
Pepperoncini (2 peppers),0.014705882,0.011111111,0.028571429,0.0,0.071428575,0.016666668,0.221519,0.0,0.0
Pesto (1/4 cup),0.4264706,0.11111111,0.057142857,0.725,0.14285715,0.016666668,0.37974682,0.011111111,0.0
Pesto Sauce (1/4 cup),0.38235295,0.11111111,0.057142857,0.65000004,0.14285715,0.016666668,0.34810126,0.011111111,0.0
Philly Cheesesteak (6 inch),0.7352941,0.5555556,0.5714286,0.7,0.21428573,0.083333336,0.6962025,0.15555556,1.0
Pickle (1 spear dill),0.007352941,0.0044444446,0.014285714,0.0025000002,0.021428574,0.008333334,0.18987341,0.0,0.0
Pickle (1 whole dill),0.025,0.017777778,0.052857146,0.0050000004,0.107142866,0.028333336,0.75949365,0.0,0.0
Pickled Cucumber (1/4 cup),0.014705882,0.011111111,0.028571429,0.0,0.071428575,0.016666668,0.18987341,0.0,0.0
Pickled Radish (1/4 cup),0.022058824,0.011111111,0.042857144,0.0,0.071428575,0.033333335,0.15822785,0.0,0.0
Pickled Turnips (2 tbsp),0.014705882,0.0044444446,0.028571429,0.0,0.035714287,0.016666668,0.12658228,0.0,0.0
Pico de Gallo (1/4 cup),0.022058824,0.011111111,0.042857144,0.0,0.071428575,0.033333335,0.12658228,0.0,0.0
Pine Nuts (1 tbsp in pesto),0.13970588,0.044444446,0.028571429,0.25,0.035714287,0.008333334,0.0,0.0,0.0
Pine Nuts (1 tbsp),0.13970588,0.044444446,0.028571429,0.25,0.035714287,0.008333334,0.0,0.0,0.0
Pine Nuts (1/2 tbsp filling),0.07058824,0.022222223,0.014285714,0.125,0.014285715,0.0033333336,0.0,0.0,0.0
Pine Nuts (1/2 tbsp),0.07058824,0.022222223,0.014285714,0.125,0.014285715,0.0033333336,0.0,0.0,0.0
Pisco Sour (1 drink),0.36764705,0.022222223,0.35714287,0.0,0.0,0.40000004,0.003164557,0.011111111,0.36
Pistachio (garnish),0.014705882,0.008888889,0.007142857,0.020000001,0.014285715,0.0016666668,0.0,0.0,0.0
Pistachios (1 oz shelled),0.23382354,0.12666667,0.11,0.32000002,0.21428573,0.03666667,0.0012658228,0.0,0.0
Pita Bread (1 white),0.24264707,0.12222222,0.47142857,0.030000001,0.107142866,0.025000002,0.19620253,0.0,0.0
Pita Bread (1 whole wheat),0.25,0.13333334,0.5,0.0375,0.35714287,0.033333335,0.20253165,0.0,0.0
Pita Bread (White 1 large),0.32352942,0.15555556,0.64285713,0.05,0.14285715,0.033333335,0.278481,0.0,0.0
Pita Crisps (1 oz),0.19117647,0.06666667,0.25714287,0.125,0.14285715,0.016666668,0.15189874,0.0,0.0
Pizza (1 slice pepperoni),0.4264706,0.26666668,0.4857143,0.3,0.14285715,0.06666667,0.4556962,0.07777778,0.5
Pizza (Margherita 1 slice),0.36764705,0.26666668,0.42857143,0.25,0.21428573,0.06666667,0.37974682,0.055555556,0.5
Poached Egg (1 large),0.105882354,0.14,0.0057142857,0.120000005,0.0,0.0066666673,0.088607594,0.41111112,0.0
Polenta (1 cup creamy),0.22058824,0.06666667,0.45714286,0.025,0.21428573,0.016666668,0.221519,0.011111111,0.0
Polenta (grilled 1 slice),0.1764706,0.055555556,0.35714287,0.025,0.14285715,0.008333334,0.18987341,0.0,0.0
Pomegranate Molasses (1 tsp),0.022058824,0.0,0.057142857,0.0,0.0,0.06666667,0.0,0.0,0.0
Popcorn (3 cups air-popped),0.1367647,0.06666667,0.2657143,0.027500002,0.25714287,0.0016666668,0.0012658228,0.0,0.5
Pork Belly (1 oz in soup),0.2132353,0.06666667,0.0,0.375,0.0,0.0,0.094936706,0.044444446,0.0
Pork Bun (1 steamed),0.32352942,0.17777778,0.42857143,0.2,0.14285715,0.10000001,0.25316456,0.044444446,0.0
Pork Chop (4oz grilled),0.32352942,0.6666667,0.0,0.25,0.0,0.0,0.044303797,0.18888889,0.5
Pork Floss (1 tbsp),0.073529415,0.08888889,0.042857144,0.05,0.0,0.041666668,0.094936706,0.022222223,0.0
Potato (1/2 w/ pasta),0.09558824,0.022222223,0.21428572,0.0025000002,0.071428575,0.008333334,0.0018987341,0.0,0.0
Potato Chips (1 oz),0.23529412,0.044444446,0.21428572,0.25,0.071428575,0.008333334,0.10759494,0.0,0.0
Potato Leek Soup (1 cup),0.2647059,0.08888889,0.35714287,0.175,0.21428573,0.06666667,0.41139242,0.033333335,0.5
Potato Salad (1/2 cup),0.2647059,0.044444446,0.27142859,0.275,0.14285715,0.050000004,0.3164557,0.022222223,0.0
Powdered Sugar (1 tsp),0.014705882,0.0,0.035714287,0.0,0.0,0.041666668,0.0,0.0,0.0
Pretzel Bun (1 medium),0.3382353,0.17777778,0.64285713,0.05,0.14285715,0.06666667,0.34810126,0.0,0.0
Pretzels (1 oz),0.16176471,0.06666667,0.32857144,0.025,0.071428575,0.016666668,0.28481013,0.0,0.0
Prosciutto (1 slice wrapper),0.05147059,0.08888889,0.0,0.0625,0.0,0.0,0.17721519,0.022222223,0.0
Prosciutto (1 slice),0.05147059,0.08888889,0.0,0.0625,0.0,0.0,0.17721519,0.022222223,0.0
Prosecco (3 oz),0.10294118,0.0,0.028571429,0.0,0.0,0.025000002,0.003164557,0.0,0.0
Protein Bar,0.30882353,0.44444445,0.31428573,0.175,0.42857146,0.016666668,0.11392405,0.011111111,1.0
Protein Shake (Whey),0.1764706,0.53333336,0.042857144,0.025,0.071428575,0.033333335,0.101265825,0.011111111,1.0
Provoleta (1 oz grilled cheese),0.14705883,0.15555556,0.014285714,0.2,0.0,0.008333334,0.15822785,0.044444446,0.0
Provolone Cheese (1 slice),0.14705883,0.15555556,0.014285714,0.2,0.0,0.008333334,0.15822785,0.044444446,0.0
Puff Pastry (1 oz wrapper),0.16911764,0.033333335,0.12857144,0.2,0.035714287,0.0,0.06329114,0.0,0.0
Pulled Pork Sandwich,0.7058824,0.5555556,0.6857143,0.5,0.21428573,0.25,0.56962025,0.16666667,0.5
Quesadilla (Cheese 1 medium),0.5882353,0.4,0.5,0.55,0.21428573,0.033333335,0.443038,0.11111111,0.5
Quinoa (1 cup cooked),0.32647058,0.17777778,0.55714285,0.089999996,0.35714287,0.016666668,0.008227848,0.0,0.0
Quinoa Salad (1 cup),0.38235295,0.2,0.45714286,0.3,0.42857146,0.06666667,0.18987341,0.0,0.5
Ragù (filling 1 tbsp),0.036764707,0.033333335,0.014285714,0.0375,0.035714287,0.008333334,0.037974685,0.011111111,0.0
Raisins (1 tbsp),0.039705884,0.0066666673,0.1,0.0,0.021428574,0.10000001,0.0006329114,0.0,0.0
Raisins (1/4 cup),0.19117647,0.028888889,0.4857143,0.0050000004,0.11428572,0.4166667,0.003164557,0.0,0.0
Raita (2 tbsp),0.04411765,0.022222223,0.028571429,0.05,0.035714287,0.025000002,0.06329114,0.011111111,0.0
Ramen (Instant 1 pack),0.5588235,0.2,0.75714284,0.35,0.14285715,0.033333335,1.0,0.0,1.0
Raspberries (1 cup),0.09411765,0.033333335,0.21,0.020000001,0.5714286,0.09,0.0006329114,0.0,0.0
Red Cabbage (1 cup raw),0.032352943,0.024444446,0.07428571,0.0025000002,0.11428572,0.046666667,0.005063291,0.0,0.0
Red Onion (1/4 cup in ceviche),0.023529412,0.0066666673,0.052857146,0.0,0.02857143,0.030000001,0.0006329114,0.0,0.0
Red Wine (5 oz glass),0.18382353,0.0022222223,0.054285713,0.0,0.0,0.015000001,0.0037974683,0.0,0.0
Refried Beans (1/2 cup),0.16911764,0.15555556,0.27142859,0.025,0.42857146,0.016666668,0.30379748,0.0,0.0
Reuben Sandwich,0.9558824,0.62222224,0.5,1.0,0.35714287,0.10000001,0.9493671,0.22222222,1.0
Ribollita (1.5 cups soup),0.5147059,0.33333334,0.78571427,0.2,1.0,0.16666667,0.56962025,0.011111111,1.0
Rice (1/4 cup filling),0.075,0.024444446,0.15857144,0.0025000002,0.0071428576,0.0,0.0,0.0,0.0
Rice Krispies (1.5 cups),0.23529412,0.06666667,0.5285714,0.0125,0.035714287,0.06666667,0.18354431,0.0,0.0
Ricotta (filling 1 oz),0.07205883,0.07111111,0.011428571,0.095,0.0,0.0016666668,0.014556962,0.031111112,0.0
Ricotta Cheese (1/4 cup),0.125,0.12222222,0.035714287,0.15,0.0,0.016666668,0.03164557,0.053333335,0.0
Risotto (Mushroom 1 cup),0.36764705,0.15555556,0.5,0.22500001,0.21428573,0.050000004,0.37974682,0.044444446,0.0
Risotto alla Milanese (1 cup),0.5147059,0.22222222,0.71428573,0.3,0.21428573,0.050000004,0.443038,0.06666667,0.0
Root Beer (1 can),0.22058824,0.0,0.5714286,0.0,0.0,0.6666667,0.034810126,0.0,0.71000004
Rosemary (1 tsp topping),0.0014705883,0.0,0.0028571428,0.0,0.0071428576,0.0,0.0,0.0,0.0
Rosemary (garnish),0.0014705883,0.0,0.0028571428,0.0,0.0071428576,0.0,0.0,0.0,0.0
Rye Bread (1 slice),0.12205882,0.060000002,0.22142857,0.027500002,0.13571429,0.020000001,0.10759494,0.0,0.0
Rye Crispbread (2 slices),0.10294118,0.044444446,0.2,0.0125,0.21428573,0.0,0.07594937,0.0,0.0
S'more (1 serving),0.20588236,0.044444446,0.35714287,0.1,0.071428575,0.25,0.056962024,0.0,0.0
Saffron (pinch in risotto),0.0014705883,0.0,0.0014285714,0.0,0.0,0.0,0.0,0.0,0.0
Saffron (pinch),0.0014705883,0.0,0.0014285714,0.0,0.0,0.0,0.0,0.0,0.0
Sage (2 leaves),0.0014705883,0.0,0.0014285714,0.0,0.0071428576,0.0,0.0,0.0,0.0
Sage (in beans),0.0014705883,0.0,0.0014285714,0.0,0.0071428576,0.0,0.0,0.0,0.0
Sake (3 oz),0.17205882,0.008888889,0.054285713,0.0,0.0,0.0,0.0025316456,0.0,0.0
Salami (3 slices),0.16176471,0.13333334,0.014285714,0.22500001,0.0,0.008333334,0.3164557,0.06666667,0.0
Salmon (4oz grilled),0.3382353,0.5555556,0.0,0.35,0.0,0.0,0.037974685,0.13333334,0.5
Salsa (1/4 cup),0.029411765,0.017777778,0.06428572,0.0025000002,0.071428575,0.050000004,0.15822785,0.0,0.0
Salsa (2 tbsp),0.014705882,0.011111111,0.028571429,0.0,0.035714287,0.016666668,0.07594937,0.0,0.0
Salt (1/4 tsp),0.0,0.0,0.0,0.0,0.0,0.0,0.36708862,0.0,0.0
Saltimbocca (1 serving),0.5588235,0.84444445,0.071428575,0.55,0.035714287,0.016666668,0.5379747,0.26666668,0.0
Saltine Crackers (5 crackers),0.0882353,0.022222223,0.14285715,0.0375,0.035714287,0.0,0.088607594,0.0,0.0
Samosa (1 piece vegetable),0.19117647,0.044444446,0.25714287,0.15,0.14285715,0.016666668,0.18987341,0.0,0.0
Sashimi (Salmon 3 pcs),0.1764706,0.4,0.0,0.125,0.0,0.0,0.028481012,0.08888889,0.0
Sauerkraut (1/2 cup),0.020588236,0.015555556,0.044285715,0.0025000002,0.14285715,0.020000001,0.29620254,0.0,0.0
Sauerkraut (1/4 cup side),0.010294118,0.0066666673,0.021428572,0.0,0.071428575,0.010000001,0.14810127,0.0,0.0
Sausage Link (1 cooked),0.125,0.11111111,0.014285714,0.175,0.0,0.008333334,0.18987341,0.044444446,0.0
Scallops (3oz seared),0.13970588,0.37777779,0.071428575,0.025,0.0,0.0,0.11392405,0.07777778,0.0
Scrambled Eggs (2 large),0.2647059,0.26666668,0.028571429,0.35,0.0,0.016666668,0.11392405,0.82222223,0.5
Sea Salt (coarse 1/4 tsp),0.0,0.0,0.0,0.0,0.0,0.0,0.34810126,0.0,0.0
Seaweed Salad (1/2 cup),0.0882353,0.044444446,0.114285715,0.075,0.14285715,0.06666667,0.221519,0.0,0.0
Seitan (3oz),0.13235295,0.4,0.057142857,0.025,0.071428575,0.016666668,0.18987341,0.0,0.0
Sesame Oil (1 tsp),0.05882353,0.0,0.0,0.112500004,0.0,0.0,0.0,0.0,0.0
Shawarma (Chicken 1 wrap),0.8088235,0.6666667,0.71428573,0.625,0.42857146,0.083333336,0.6962025,0.17777778,0.5
Shepherd's Pie (1 serving),0.5882353,0.44444445,0.5,0.5,0.42857146,0.116666675,0.5379747,0.12222222,0.5
Shish Tawook (2 skewers),0.44117647,0.7777778,0.071428575,0.4,0.071428575,0.033333335,0.37974682,0.22222222,0.0
Shredded Cheese (Cheddar 1/4 cup),0.16911764,0.15555556,0.014285714,0.2375,0.0,0.008333334,0.11392405,0.06666667,0.0
Shrimp (3oz steamed),0.12352941,0.44444445,0.0028571428,0.0050000004,0.0,0.0,0.06329114,0.35777777,0.5
Shrimp Cocktail (4 large shrimp),0.0882353,0.22222222,0.014285714,0.025,0.0,0.008333334,0.18987341,0.24444444,0.0
Shrimp Scampi (1 cup),0.5588235,0.4888889,0.5714286,0.375,0.21428573,0.050000004,0.47468355,0.31111112,0.0
Side Salad (light dressing),0.10294118,0.044444446,0.114285715,0.1,0.21428573,0.050000004,0.094936706,0.0,0.0
Silken Tofu (3oz in soup),0.066176474,0.11111111,0.028571429,0.0625,0.035714287,0.016666668,0.003164557,0.0,0.0
Simple Syrup (1/2 oz),0.04411765,0.0,0.114285715,0.0,0.0,0.13333334,0.0,0.0,0.0
Skirt Steak (4oz grilled),0.3529412,0.5777778,0.0,0.375,0.0,0.0,0.044303797,0.17777778,0.0
Smoothie (Fruit & Yogurt),0.4117647,0.26666668,0.78571427,0.075,0.5,0.6666667,0.044303797,0.011111111,0.5
Soda (1 can Coke),0.20588236,0.0,0.55714285,0.0,0.0,0.65000004,0.028481012,0.0,0.71000004
Sour Cream (1 tbsp),0.04411765,0.008888889,0.008571429,0.072500005,0.0,0.0066666673,0.0075949365,0.013333334,0.0
Sour Cream (2 tbsp),0.0882353,0.017777778,0.018571427,0.14500001,0.0,0.013333335,0.015822785,0.026666667,0.0
Soy Milk (Original 1 cup),0.16176471,0.17777778,0.12857144,0.112500004,0.14285715,0.10000001,0.07911392,0.0,0.48000002
Soy Sauce (1 tbsp for dipping),0.013235294,0.022222223,0.014285714,0.0,0.0071428576,0.0066666673,0.5822785,0.0,0.0
Soy Sauce (1 tbsp in stir-fry),0.013235294,0.022222223,0.014285714,0.0,0.0071428576,0.0066666673,0.5822785,0.0,0.0
Soyrizo (2 oz),0.20588236,0.22222222,0.08571429,0.22500001,0.21428573,0.033333335,0.28481013,0.0,0.0
Spaghetti (side),0.14705883,0.07777778,0.3,0.0125,0.071428575,0.008333334,0.0,0.0,0.0
Spaghetti Bolognese,0.6764706,0.44444445,0.78571427,0.45000002,0.42857146,0.16666667,0.443038,0.11111111,0.5
Spicy Mustard (1 tbsp),0.014705882,0.011111111,0.014285714,0.0125,0.035714287,0.0,0.07594937,0.0,0.0
Spinach Artichoke Dip (1/4 cup),0.23529412,0.11111111,0.08571429,0.35,0.14285715,0.033333335,0.221519,0.06666667,0.0
Split Pea Soup (1 cup),0.2647059,0.24444444,0.42857143,0.05,0.71428573,0.10000001,0.443038,0.011111111,0.5
Spring Roll (Veg 2 rolls),0.2647059,0.08888889,0.35714287,0.175,0.21428573,0.050000004,0.28481013,0.0,0.0
Sriracha (1 tsp),0.007352941,0.0022222223,0.014285714,0.0025000002,0.0071428576,0.013333335,0.050632913,0.0,0.0
Stale Bread (1/2 cup in soup),0.11764706,0.06666667,0.21428572,0.025,0.071428575,0.025000002,0.101265825,0.0,0.0
Steamed Broccoli (1 cup),0.080882356,0.08222222,0.16,0.015000001,0.36428574,0.033333335,0.025316456,0.0,0.0
String Cheese (1 stick),0.11764706,0.13333334,0.014285714,0.15,0.0,0.0,0.1329114,0.044444446,0.0
Stuffed Grape Leaves (3 pcs),0.22058824,0.06666667,0.2857143,0.175,0.21428573,0.050000004,0.25316456,0.0,0.0
Sugar (1 tsp for cereal),0.023529412,0.0,0.057142857,0.0,0.0,0.06666667,0.0,0.0,0.0
Sumac (1/2 tsp dressing),0.007352941,0.0022222223,0.014285714,0.0050000004,0.035714287,0.0,0.0006329114,0.0,0.0
Supplì (1 piece fried rice ball),0.29411766,0.17777778,0.35714287,0.2,0.14285715,0.033333335,0.25316456,0.055555556,0.0
Sweet & Sour Chicken (1 cup),0.5588235,0.4,0.64285713,0.375,0.21428573,0.4166667,0.47468355,0.11111111,0.0
Sweet Chili Sauce (2 tbsp),0.10294118,0.0,0.24285714,0.0,0.035714287,0.26666668,0.28481013,0.0,0.0
Sweet Potato (1 medium baked),0.15147059,0.05111111,0.33714285,0.0050000004,0.27142859,0.12333334,0.025949366,0.0,0.0
Sweet Tea (16 oz),0.2647059,0.0,0.6571429,0.0,0.0,0.7666667,0.009493671,0.0,0.94600004
Sweet Vermouth (1 oz),0.05882353,0.0,0.071428575,0.0,0.0,0.083333336,0.0,0.0,0.0
Swiss Cheese (1 slice),0.15588236,0.1688889,0.014285714,0.2,0.0,0.0066666673,0.034177214,0.057777777,0.0
T-Bone Steak (6oz),0.6764706,0.84444445,0.0,0.825,0.0,0.0,0.06962025,0.23333333,0.0
Tabouli (1/2 cup),0.1764706,0.06666667,0.21428572,0.15,0.2857143,0.033333335,0.18987341,0.0,0.0
Tagliatelle al Ragù (Bolognese),0.8088235,0.62222224,0.92857146,0.5,0.5,0.13333334,0.5379747,0.15555556,1.0
Tahini (1 tbsp),0.13088235,0.057777777,0.045714285,0.2,0.1,0.0016666668,0.010759493,0.0,0.0
Tahini Sauce (1 tbsp),0.04411765,0.022222223,0.021428572,0.0625,0.035714287,0.0,0.028481012,0.0,0.0
Tamarind Chutney (1 tbsp),0.029411765,0.0022222223,0.071428575,0.0,0.035714287,0.06666667,0.07594937,0.0,0.0
Tapioca Pearls (1/4 cup boba),0.14705883,0.0,0.35714287,0.0,0.0,0.33333334,0.003164557,0.0,0.0
Tartar Sauce (2 tbsp),0.0882353,0.0044444446,0.028571429,0.1375,0.0071428576,0.025000002,0.11392405,0.011111111,0.0
Tempeh (3oz),0.23529412,0.35555556,0.114285715,0.22500001,0.35714287,0.0,0.006329114,0.0,0.0
Thai Basil (garnish),0.0014705883,0.0022222223,0.0,0.0,0.0,0.0,0.0,0.0,0.0
Thai Iced Tea (1 glass),0.36764705,0.06666667,0.5,0.3,0.0,0.55,0.03164557,0.07777778,0.6
Tilapia (4oz baked),0.16176471,0.4888889,0.0,0.0625,0.0,0.0,0.03164557,0.11111111,0.0
Tiramisu (1 slice),0.66176474,0.15555556,0.6,0.7,0.14285715,0.4166667,0.094936706,0.4,0.5
Tofu (4oz firm),0.13235295,0.22222222,0.042857144,0.125,0.14285715,0.016666668,0.006329114,0.0,0.0
Tofu Scramble,0.36764705,0.44444445,0.114285715,0.4,0.2857143,0.050000004,0.18987341,0.0,0.5
Tofu Stir-fry,0.5882353,0.4,0.42857143,0.55,0.5,0.15,0.3164557,0.0,0.5
Tomato (1 medium sliced),0.032352943,0.024444446,0.06857143,0.0050000004,0.107142866,0.05333334,0.0037974683,0.0,0.0
Tomato (1/4 cup side),0.011764706,0.0066666673,0.025714286,0.0025000002,0.035714287,0.020000001,0.0012658228,0.0,0.0
Tomato Sauce (1/2 cup),0.05882353,0.033333335,0.1,0.025,0.14285715,0.06666667,0.221519,0.0,0.0
Tomato Soup (1 can),0.25,0.08888889,0.35714287,0.15,0.2857143,0.25,0.56962025,0.022222223,0.0
Tortilla Chips (1 oz),0.20588236,0.044444446,0.27142859,0.175,0.14285715,0.008333334,0.07594937,0.0,0.0
Trail Mix (1/4 cup),0.27941176,0.11111111,0.2857143,0.3,0.21428573,0.23333335,0.03164557,0.0,0.5
Trofie Pasta (1 cup cooked),0.30882353,0.15555556,0.6142857,0.025,0.14285715,0.016666668,0.003164557,0.0,0.0
Tuna (Canned 3oz in water),0.13235295,0.44444445,0.0,0.025,0.0,0.0,0.15822785,0.07777778,0.0
Tuna Melt,0.66176474,0.5555556,0.45714286,0.625,0.21428573,0.06666667,0.56962025,0.11111111,0.5
Tuna Salad (1/2 cup),0.27941176,0.42222223,0.028571429,0.3,0.071428575,0.016666668,0.25316456,0.06666667,1.0
Tuna Sauce (2 tbsp),0.14705883,0.08888889,0.014285714,0.22500001,0.0,0.008333334,0.12658228,0.033333335,0.0
Turkey Bacon (2 slices),0.10294118,0.13333334,0.014285714,0.125,0.0,0.008333334,0.2278481,0.06666667,0.0
Turkey Burger (1 patty),0.23529412,0.4888889,0.028571429,0.2,0.0,0.016666668,0.25316456,0.15555556,0.5
Turkey Chili (1 cup),0.36764705,0.4888889,0.35714287,0.175,0.5714286,0.10000001,0.47468355,0.11111111,0.5
Turkey Sandwich (on wheat),0.5,0.4888889,0.4857143,0.3,0.35714287,0.10000001,0.5379747,0.11111111,1.0
Turkey Sausage (1 patty),0.10294118,0.2,0.014285714,0.1,0.0,0.008333334,0.17721519,0.07777778,0.0
Turkish Coffee (1 small cup),0.007352941,0.0044444446,0.007142857,0.0,0.0,0.0,0.0006329114,0.0,0.120000005
Turmeric (1 tsp),0.013235294,0.0066666673,0.027142856,0.0025000002,0.05,0.0016666668,0.0006329114,0.0,0.0
Tzatziki Sauce (2 tbsp),0.04411765,0.033333335,0.028571429,0.05,0.0,0.025,0.06329114,0.011111111,0.0
Veal Parmesan (1 serving),0.8088235,0.8888889,0.42857143,0.75,0.2857143,0.116666675,0.6962025,0.2888889,0.5
Vegetable Broth (1 cup),0.022058824,0.022222223,0.042857144,0.0,0.071428575,0.033333335,0.34810126,0.0,0.48000002
Vegetable Soup (1 can),0.20588236,0.08888889,0.31428573,0.1,0.42857146,0.13333334,0.49367088,0.011111111,0.5
Veggie Burger (1 patty),0.1764706,0.24444444,0.14285715,0.1,0.35714287,0.016666668,0.221519,0.0,0.5
Veggie Straws (1 oz),0.19117647,0.022222223,0.24285714,0.175,0.071428575,0.016666668,0.1392405,0.0,0.0
Vitello Tonnato (1 serving),0.5588235,0.7777778,0.042857144,0.625,0.035714287,0.016666668,0.37974682,0.24444444,0.0
Vodka (1.5 oz),0.14264706,0.0,0.0,0.0,0.0,0.0,0.0,0.0,0.0
Vodka Soda (1 drink),0.14705883,0.0,0.0,0.0,0.0,0.0,0.003164557,0.0,0.36
Waffle Cone (1 small),0.10294118,0.022222223,0.18571429,0.0375,0.035714287,0.116666675,0.018987343,0.011111111,0.0
Waffles (2 homemade),0.32352942,0.13333334,0.4,0.22500001,0.107142866,0.050000004,0.2658228,0.1,0.0
Walnuts (1 tbsp chopped),0.06764706,0.024444446,0.014285714,0.115,0.035714287,0.0033333336,0.0,0.0,0.0
Wasabi (1 tsp),0.014705882,0.0022222223,0.03142857,0.0025000002,0.021428574,0.016666668,0.025316456,0.0,0.0
Water Cracker (5 crackers),0.10294118,0.033333335,0.17142858,0.0375,0.035714287,0.0,0.094936706,0.0,0.0
Watermelon (1 cup diced),0.06764706,0.02,0.16428572,0.0050000004,0.042857148,0.15666667,0.0012658228,0.0,0.0
Whiskey (1.5 oz shot),0.15441176,0.0,0.0014285714,0.0,0.0,0.0016666668,0.0006329114,0.0,0.0
White Beans (Tuscan style 1/2 cup),0.22058824,0.17777778,0.2857143,0.1,0.5,0.033333335,0.221519,0.0,0.0
White Bread (1 slice),0.10294118,0.044444446,0.18571429,0.025,0.042857148,0.020000001,0.088607594,0.0,0.0
White Rice (1 cup cooked),0.3,0.093333334,0.6357143,0.010000001,0.042857148,0.0016666668,0.0012658228,0.0,0.0
White Wine (5 oz glass),0.17794117,0.0022222223,0.054285713,0.0,0.0,0.023333333,0.003164557,0.0,0.0
White Wine Sauce (1/4 cup),0.11764706,0.022222223,0.057142857,0.15,0.035714287,0.033333335,0.18987341,0.011111111,0.0
Whole Wheat Toast (1 slice),0.11764706,0.08888889,0.2,0.025,0.14285715,0.033333335,0.088607594,0.0,0.0
Wild Rice (1 cup cooked),0.24411765,0.14444445,0.5,0.015000001,0.21428573,0.020000001,0.003164557,0.0,0.0
Yellow Rice (1 cup),0.3382353,0.08888889,0.71428573,0.025,0.14285715,0.016666668,0.18987341,0.0,0.0
Za'atar (1 tbsp),0.05882353,0.022222223,0.042857144,0.075,0.107142866,0.0,0.094936706,0.0,0.0
